tool_name,Metric,mean_value,std_value,users,nodes
analyzing_data,Response Time,6.843592809402962,1.6933925385840936,3,3
create_visualization,Response Time,3.9666636470291348,1.1432424071170832,3,3
decide_tool,Response Time,1.6485690151021821,0.37982434472166005,3,3
lookup_sales_data,Response Time,2.5475434989757124,0.5766994487226533,3,3
