tool_name,Metric,mean_value,std_value,users,nodes
analyzing_data,Response Time,13.853057197718293,8.231539194874525,5,10
create_visualization,Response Time,4.163250824281325,0.8926475465622487,5,10
decide_tool,Response Time,1.7228433410979664,0.5246689046720383,5,10
lookup_sales_data,Response Time,3.5829756302805618,1.183686072298329,5,10
