tool_name,Metric,mean_value,std_value,users,nodes
analyzing_data,Response Time,11.369322752536513,4.833501113955639,60,3
create_visualization,Response Time,8.141171494035909,4.890862139441982,60,3
decide_tool,Response Time,3.6732310489957016,2.9541005373142544,60,3
lookup_sales_data,Response Time,4.84527100176432,3.2118522619421257,60,3
