tool_name,Metric,mean_value,std_value,users,nodes
analyzing_data,Response Time,7.996742238096966,3.0489883786438186,15,5
create_visualization,Response Time,3.8966625054211668,0.35025145671225355,15,5
decide_tool,Response Time,1.660830415822483,0.3420680080602195,15,5
lookup_sales_data,Response Time,2.692891994742862,0.7888635988027621,15,5
