tool_name,Metric,mean_value,std_value,users,nodes
analyzing_data,Response Time,8.630351702724735,2.8792741905197228,3,5
create_visualization,Response Time,3.998685098486021,0.8011148241923534,3,5
decide_tool,Response Time,1.6928579400542756,0.49393448041803806,3,5
lookup_sales_data,Response Time,3.0296051642974886,0.9091117608131224,3,5
