tool_name,Metric,mean_value,std_value,users,nodes
analyzing_data,Response Time,8.617413501718893,5.243644811653103,5,5
create_visualization,Response Time,3.8438034094060245,0.4182007229491744,5,5
decide_tool,Response Time,1.6625775237045537,0.2879984718444226,5,5
lookup_sales_data,Response Time,2.8556233251990193,0.9709296016227414,5,5
